{"loss": [0.016317639499902725, 0.008794603869318962, 0.006943258456885815, 0.005857379641383886, 0.0051710475236177444, 0.004668219015002251, 0.004422919359058142, 0.004049153532832861, 0.003736990736797452, 0.0035393398720771074, 0.003383111208677292, 0.0032904725521802902, 0.003082642564550042, 0.0029655261896550655, 0.0030261860229074955, 0.0027550116647034883, 0.00269928015768528, 0.0026489715091884136, 0.002475266344845295, 0.002391392132267356], "val_loss": [0.010365279391407967, 0.010027259588241577, 0.012423639185726643, 0.012948671355843544, 0.012082371860742569, 0.01171082817018032, 0.011357614770531654, 0.013071658089756966, 0.012198587879538536, 0.01292694266885519, 0.010664401575922966, 0.010353253223001957, 0.009955408982932568, 0.009854382835328579, 0.011421406641602516, 0.012126519344747066, 0.0158601813018322, 0.01368750911206007, 0.01477295532822609, 0.01875666342675686]}